{"Elements":[{"ElementName":"Angle","Position":{"x":-0.8238633871078491,"y":-0.6818187236785889,"z":0.0},"HelpElement":false},{"ElementName":"Circle","Position":{"x":-8.55113697052002,"y":-3.9772729873657228,"z":0.0},"HelpElement":false},{"ElementName":"Ball","Position":{"x":-0.25568222999572756,"y":2.27272629737854,"z":0.0},"HelpElement":false}]}